{
  "Iter0.0": {
    "insert.secuential.size": 10,
    "insert.secuential.time": 0.28884172439575195,
    "insert.secuential.rate": 34.621036904968264,
    "insert.batch.size": 10,
    "insert.batch.time": 0.018599748611450195,
    "insert.batch.rate": 537.6416751054311,
    "insert.parallel.size": 10,
    "insert.parallel.time": 0.1744852066040039,
    "insert.parallel.rate": 57.31144888801438,
    "find.compras.time": 0.026218891143798828,
    "find.compras.size": 30,
    "find.compras.rate": 1144.2131490406475,
    "find.ventas.time": 0.029082536697387695,
    "find.ventas.size": 2217,
    "find.ventas.rate": 76231.31445061116,
    "drop.compras.1_papel.size": 30,
    "drop.compras.1_papel.time": 0.029424190521240234,
    "drop.compras.2_boligrafo.size": 30,
    "drop.compras.2_boligrafo.time": 0.032668113708496094,
    "drop.compras.3_lapiz.size": 30,
    "drop.compras.3_lapiz.time": 0.03470730781555176,
    "drop.compras.4_goma.size": 30,
    "drop.compras.4_goma.time": 0.03503775596618652,
    "drop.compras.5_regla.size": 30,
    "drop.compras.5_regla.time": 0.05166435241699219,
    "drop.ventas.1_papel.size": 2302,
    "drop.ventas.1_papel.time": 0.06479954719543457,
    "drop.ventas.2_boligrafo.size": 30,
    "drop.ventas.2_boligrafo.time": 0.026615381240844727,
    "drop.ventas.3_lapiz.size": 30,
    "drop.ventas.3_lapiz.time": 0.026975393295288086,
    "drop.ventas.4_goma.size": 30,
    "drop.ventas.4_goma.time": 0.02572798728942871,
    "drop.ventas.5_regla.size": 30,
    "drop.ventas.5_regla.time": 0.027907848358154297
  },
  "Iter0.1": {
    "insert.secuential.size": 10,
    "insert.secuential.time": 0.25806450843811035,
    "insert.secuential.rate": 38.75000115484003,
    "insert.batch.size": 10,
    "insert.batch.time": 0.018291473388671875,
    "insert.batch.rate": 546.7028154327425,
    "insert.parallel.size": 10,
    "insert.parallel.time": 0.17508149147033691,
    "insert.parallel.rate": 57.116260068496416,
    "find.compras.time": 0.030698299407958984,
    "find.compras.size": 30,
    "find.compras.rate": 977.2528308920611,
    "find.ventas.time": 0.024259567260742188,
    "find.ventas.size": 265,
    "find.ventas.rate": 10923.525434389496,
    "drop.compras.1_papel.size": 30,
    "drop.compras.1_papel.time": 0.033329010009765625,
    "drop.compras.2_boligrafo.size": 30,
    "drop.compras.2_boligrafo.time": 0.03774213790893555,
    "drop.compras.3_lapiz.size": 30,
    "drop.compras.3_lapiz.time": 0.035263776779174805,
    "drop.compras.4_goma.size": 30,
    "drop.compras.4_goma.time": 0.03388214111328125,
    "drop.compras.5_regla.size": 30,
    "drop.compras.5_regla.time": 0.049311161041259766,
    "drop.ventas.1_papel.size": 348,
    "drop.ventas.1_papel.time": 0.03447914123535156,
    "drop.ventas.2_boligrafo.size": 30,
    "drop.ventas.2_boligrafo.time": 0.0277864933013916,
    "drop.ventas.3_lapiz.size": 30,
    "drop.ventas.3_lapiz.time": 0.02640676498413086,
    "drop.ventas.4_goma.size": 30,
    "drop.ventas.4_goma.time": 0.0252377986907959,
    "drop.ventas.5_regla.size": 30,
    "drop.ventas.5_regla.time": 0.026874542236328125
  },
  "Iter0.2": {
    "insert.secuential.size": 10,
    "insert.secuential.time": 0.2599143981933594,
    "insert.secuential.rate": 38.47420562119322,
    "insert.batch.size": 10,
    "insert.batch.time": 0.02024364471435547,
    "insert.batch.rate": 493.9821924906958,
    "insert.parallel.size": 10,
    "insert.parallel.time": 0.15075278282165527,
    "insert.parallel.rate": 66.33376719705585,
    "find.compras.time": 0.02650284767150879,
    "find.compras.size": 30,
    "find.compras.rate": 1131.9538327291045,
    "find.ventas.time": 0.022200822830200195,
    "find.ventas.size": 270,
    "find.ventas.rate": 12161.711395341345,
    "drop.compras.1_papel.size": 30,
    "drop.compras.1_papel.time": 0.030161619186401367,
    "drop.compras.2_boligrafo.size": 30,
    "drop.compras.2_boligrafo.time": 0.032663583755493164,
    "drop.compras.3_lapiz.size": 30,
    "drop.compras.3_lapiz.time": 0.031537532806396484,
    "drop.compras.4_goma.size": 30,
    "drop.compras.4_goma.time": 0.040665388107299805,
    "drop.compras.5_regla.size": 30,
    "drop.compras.5_regla.time": 0.051621198654174805,
    "drop.ventas.1_papel.size": 352,
    "drop.ventas.1_papel.time": 0.042334556579589844,
    "drop.ventas.2_boligrafo.size": 30,
    "drop.ventas.2_boligrafo.time": 0.029327869415283203,
    "drop.ventas.3_lapiz.size": 30,
    "drop.ventas.3_lapiz.time": 0.03884696960449219,
    "drop.ventas.4_goma.size": 30,
    "drop.ventas.4_goma.time": 0.026404619216918945,
    "drop.ventas.5_regla.size": 30,
    "drop.ventas.5_regla.time": 0.025694847106933594
  },
  "Itera0.0": {
    "insert.secuential.size": 10,
    "insert.secuential.time": 0.26991987228393555,
    "insert.secuential.rate": 37.04803175618262,
    "insert.batch.size": 10,
    "insert.batch.time": 0.02292013168334961,
    "insert.batch.rate": 436.29766783864187,
    "insert.parallel.size": 10,
    "insert.parallel.time": 0.17202162742614746,
    "insert.parallel.rate": 58.132225288318544,
    "find.compras.time": 0.027092933654785156,
    "find.compras.size": 30,
    "find.compras.rate": 1107.2997993593578,
    "find.ventas.time": 0.03924989700317383,
    "find.ventas.size": 6043,
    "find.ventas.rate": 153962.1874552015,
    "drop.compras.1_papel.size": 30,
    "drop.compras.1_papel.time": 0.030605792999267578,
    "drop.compras.2_boligrafo.size": 30,
    "drop.compras.2_boligrafo.time": 0.03165435791015625,
    "drop.compras.3_lapiz.size": 30,
    "drop.compras.3_lapiz.time": 0.03194737434387207,
    "drop.compras.4_goma.size": 30,
    "drop.compras.4_goma.time": 0.03257131576538086,
    "drop.compras.5_regla.size": 30,
    "drop.compras.5_regla.time": 0.049697160720825195,
    "drop.ventas.1_papel.size": 6137,
    "drop.ventas.1_papel.time": 0.10932183265686035,
    "drop.ventas.2_boligrafo.size": 30,
    "drop.ventas.2_boligrafo.time": 0.030986547470092773,
    "drop.ventas.3_lapiz.size": 30,
    "drop.ventas.3_lapiz.time": 0.031816959381103516,
    "drop.ventas.4_goma.size": 30,
    "drop.ventas.4_goma.time": 0.03709268569946289,
    "drop.ventas.5_regla.size": 30,
    "drop.ventas.5_regla.time": 0.03399014472961426
  },
  "Itera0.1": {
    "insert.secuential.size": 10,
    "insert.secuential.time": 0.2656211853027344,
    "insert.secuential.rate": 37.64759948873347,
    "insert.batch.size": 10,
    "insert.batch.time": 0.02055191993713379,
    "insert.batch.rate": 486.57254556211643,
    "insert.parallel.size": 10,
    "insert.parallel.time": 0.2614016532897949,
    "insert.parallel.rate": 38.25530509906074,
    "find.compras.time": 0.0275115966796875,
    "find.compras.size": 30,
    "find.compras.rate": 1090.44925124792,
    "find.ventas.time": 0.025514841079711914,
    "find.ventas.size": 303,
    "find.ventas.rate": 11875.4413971612,
    "drop.compras.1_papel.size": 30,
    "drop.compras.1_papel.time": 0.029938459396362305,
    "drop.compras.2_boligrafo.size": 30,
    "drop.compras.2_boligrafo.time": 0.03067636489868164,
    "drop.compras.3_lapiz.size": 30,
    "drop.compras.3_lapiz.time": 0.03309822082519531,
    "drop.compras.4_goma.size": 30,
    "drop.compras.4_goma.time": 0.031291961669921875,
    "drop.compras.5_regla.size": 30,
    "drop.compras.5_regla.time": 0.05431008338928223,
    "drop.ventas.1_papel.size": 385,
    "drop.ventas.1_papel.time": 0.036412715911865234,
    "drop.ventas.2_boligrafo.size": 30,
    "drop.ventas.2_boligrafo.time": 0.028635263442993164,
    "drop.ventas.3_lapiz.size": 30,
    "drop.ventas.3_lapiz.time": 0.028564453125,
    "drop.ventas.4_goma.size": 30,
    "drop.ventas.4_goma.time": 0.028456926345825195,
    "drop.ventas.5_regla.size": 30,
    "drop.ventas.5_regla.time": 0.026702165603637695
  },
  "Itera0.2": {
    "insert.secuential.size": 10,
    "insert.secuential.time": 0.26372408866882324,
    "insert.secuential.rate": 37.91841712479173,
    "insert.batch.size": 10,