{
  "Iter0": {
    "insert.secuential.size": 10,
    "insert.secuential.time": 0.2110462188720703,
    "insert.secuential.rate": 47.38298583810066,
    "insert.batch.size": 10,
    "insert.batch.time": 0.016367197036743164,
    "insert.batch.rate": 610.978164284986,
    "insert.parallel.size": 10,
    "insert.parallel.time": 0.19077849388122559,
    "insert.parallel.rate": 52.416809654791464,
    "find.compras.time": 0.12977266311645508,
    "find.compras.size": 30720,
    "find.compras.rate": 236721.65818491805,
    "find.ventas.time": 0.11018729209899902,
    "find.ventas.size": 30720,
    "find.ventas.rate": 278798.0302882774
  },
  "Iter1": {
    "insert.secuential.size": 20,
    "insert.secuential.time": 0.3898293972015381,
    "insert.secuential.rate": 51.304494077598235,
    "insert.batch.size": 20,
    "insert.batch.time": 0.016665935516357422,
    "insert.batch.rate": 1200.052645131756,
    "insert.parallel.size": 20,
    "insert.parallel.time": 0.16690444946289062,
    "insert.parallel.rate": 119.82904029437981,
    "find.compras.time": 0.12334775924682617,
    "find.compras.size": 30780,
    "find.compras.rate": 249538.37984529088,
    "find.ventas.time": 0.1248326301574707,
    "find.ventas.size": 30780,
    "find.ventas.rate": 246570.14725374628
  },
  "Iter2": {
    "insert.secuential.size": 40,
    "insert.secuential.time": 0.8122680187225342,
    "insert.secuential.rate": 49.24482938883718,
    "insert.batch.size": 40,
    "insert.batch.time": 0.021070003509521484,
    "insert.batch.rate": 1898.4334759092042,
    "insert.parallel.size": 40,
    "insert.parallel.time": 0.2568955421447754,
    "insert.parallel.rate": 155.70530989384667,
    "find.compras.time": 0.12308597564697266,
    "find.compras.size": 30900,
    "find.compras.rate": 251044.03517607407,
    "find.ventas.time": 0.11031436920166016,
    "find.ventas.size": 30900,
    "find.ventas.rate": 280108.56811874855
  },
  "Iter3": {
    "insert.secuential.size": 80,
    "insert.secuential.time": 1.6620244979858398,
    "insert.secuential.rate": 48.13406787742883,
    "insert.batch.size": 80,
    "insert.batch.time": 0.025088787078857422,
    "insert.batch.rate": 3188.675472773924,
    "insert.parallel.size": 80,
    "insert.parallel.time": 0.43109750747680664,
    "insert.parallel.rate": 185.57286602800426,
    "find.compras.time": 0.12397265434265137,
    "find.compras.size": 31140,
    "find.compras.rate": 251184.4258325817,
    "find.ventas.time": 0.12592434883117676,
    "find.ventas.size": 31140,
    "find.ventas.rate": 247291.332367726
  },
  "Iter4": {
    "insert.secuential.size": 160,
    "insert.secuential.time": 3.240232467651367,
    "insert.secuential.rate": 49.37917312950498,
    "insert.batch.size": 160,
    "insert.batch.time": 0.043747663497924805,
    "insert.batch.rate": 3657.3381800742272,
    "insert.parallel.size": 160,
    "insert.parallel.time": 0.7561872005462646,
    "insert.parallel.rate": 211.58781831326561,
    "find.compras.time": 0.10783267021179199,
    "find.compras.size": 31620,
    "find.compras.rate": 293232.0968950856,
    "find.ventas.time": 0.1207890510559082,
    "find.ventas.size": 31620,
    "find.ventas.rate": 261778.69371094258
  },
  "Iter5": {
    "insert.secuential.size": 320,
    "insert.secuential.time": 6.5221052169799805,
    "insert.secuential.rate": 49.06391254880337,
    "insert.batch.size": 320,
    "insert.batch.time": 0.05149269104003906,
    "insert.batch.rate": 6214.47420083713,
    "insert.parallel.size": 320,
    "insert.parallel.time": 1.4745559692382812,
    "insert.parallel.rate": 217.01448210562262,
    "find.compras.time": 0.13013672828674316,
    "find.compras.size": 32580,
    "find.compras.rate": 250352.07530508414,
    "find.ventas.time": 0.12575864791870117,
    "find.ventas.size": 32580,
    "find.ventas.rate": 259067.67080592262
  },
  "Iter6": {
    "insert.secuential.size": 640,
    "insert.secuential.time": 12.459567070007324,
    "insert.secuential.rate": 51.36615071807818,
    "insert.batch.size": 640,
    "insert.batch.time": 0.09047627449035645,
    "insert.batch.rate": 7073.677642067539,
    "insert.parallel.size": 640,
    "insert.parallel.time": 2.8392255306243896,
    "insert.parallel.rate": 225.41358306934288,
    "find.compras.time": 0.14098501205444336,
    "find.compras.size": 34500,
    "find.compras.rate": 244706.8627882043,
    "find.ventas.time": 0.13736844062805176,
    "find.ventas.size": 34500,
    "find.ventas.rate": 251149.38949780012
  },
  "Iter7": {
    "insert.secuential.size": 1280,
    "insert.secuential.time": 24.993722915649414,
    "insert.secuential.rate": 51.21285869735512,
    "insert.batch.size": 1280,
    "insert.batch.time": 0.16554856300354004,
    "insert.batch.rate": 7731.87019432255,
    "insert.parallel.size": 1280,
    "insert.parallel.time": 5.614887952804565,
    "insert.parallel.rate": 227.96536827785783,
    "find.compras.time": 0.14858436584472656,
    "find.compras.size": 38340,
    "find.compras.rate": 258035.2231678669,
    "find.ventas.time": 0.13321566581726074,
    "find.ventas.size": 38340,
    "find.ventas.rate": 287803.9888536314
  },
  "Iter8": {
    "insert.secuential.size": 2560,
    "insert.secuential.time": 50.56652617454529,
    "insert.secuential.rate": 50.62637665010652,
    "insert.batch.size": 2560,
    "insert.batch.time": 0.30809974670410156,
    "insert.batch.rate": 8308.997418484149,
    "insert.parallel.size": 2560,
    "insert.parallel.time": 11.312982559204102,
    "insert.parallel.rate": 226.28868970696112,
    "find.compras.time": 0.16917920112609863,
    "find.compras.size": 46020,
    "find.compras.rate": 272019.2535115398,
    "find.ventas.time": 0.18655776977539062,
    "find.ventas.size": 46020,
    "find.ventas.rate": 246679.62130661486
  },
  "Iter9": {
    "insert.secuential.size": 5120,
    "insert.secuential.time": 101.76622986793518,
    "insert.secuential.rate": 50.31138528610487,
    "insert.batch.size": 5120,
    "insert.batch.time": 0.596477746963501,
    "insert.batch.rate": 8583.72340974071,
    "insert.parallel.size": 5120,
    "insert.parallel.time": 22.73069453239441,
    "insert.parallel.rate": 225.2460870785662,
    "find.compras.time": 0.22696399688720703,
    "find.compras.size": 61380,
    "find.compras.rate": 270439.36854224355,
    "find.ventas.time": 0.2510356903076172,
    "find.ventas.size": 61380,
    "find.ventas.rate": 244507.0656080234
  }
}