{
  "I0": {
    "A0": {
      "insert": {
        "secuential": {
          "size": 10,
          "time": 0.29404759407043457,
          "rate": 34.0081000547301
        },
        "batch": {
          "size": 10,
          "time": 0.021175622940063477,
          "rate": 472.2411250098517
        },
        "parallel": {
          "size": 10,
          "time": 0.19168615341186523,
          "rate": 52.16860906230177
        }
      },
      "find": {
        "compras": {
          "time": 0.5743057727813721,
          "size": 81950,
          "rate": 142694.0209970637
        },
        "ventas": {
          "time": 0.011675834655761719,
          "size": 30,
          "rate": 2569.4094584660625
        }
      },
      "drop.compras.1_papel.size": 81950,
      "drop.compras.1_papel.time": 1.2402064800262451,
      "drop.compras.2_boligrafo.size": 81950,
      "drop.compras.2_boligrafo.time": 1.2372605800628662,
      "drop.compras.3_lapiz.size": 81950,
      "drop.compras.3_lapiz.time": 1.2577471733093262,
      "drop.compras.4_goma.size": 81950,
      "drop.compras.4_goma.time": 1.1946630477905273,
      "drop.compras.5_regla.size": 75239,
      "drop.compras.5_regla.time": 1.1480038166046143,
      "drop.ventas.1_papel.size": 30,
      "drop.ventas.1_papel.time": 0.017700672149658203,
      "drop.ventas.2_boligrafo.size": 30,
      "drop.ventas.2_boligrafo.time": 0.01457524299621582,
      "drop.ventas.3_lapiz.size": 30,
      "drop.ventas.3_lapiz.time": 0.011887311935424805,
      "drop.ventas.4_goma.size": 30,
      "drop.ventas.4_goma.time": 0.018583059310913086,
      "drop.ventas.5_regla.size": 30,
      "drop.ventas.5_regla.time": 0.01642775535583496
    }
  },
  "I1": {
    "A0": {
      "insert": {
        "secuential": {
          "size": 20,
          "time": 0.5222249031066895,
          "rate": 38.29767573514977
        },
        "batch": {
          "size": 20,
          "time": 0.022773265838623047,
          "rate": 878.222743357273
        },
        "parallel": {
          "size": 20,
          "time": 0.22342514991760254,
          "rate": 89.51543730585318
        }
      },
      "find": {
        "compras": {
          "time": 0.046942949295043945,
          "size": 60,
          "rate": 1278.147217016349
        },
        "ventas": {
          "time": 0.012257814407348633,
          "size": 60,
          "rate": 4894.836714449652
        }
      },
      "drop.compras.1_papel.size": 60,
      "drop.compras.1_papel.time": 0.04894113540649414,
      "drop.compras.2_boligrafo.size": 60,
      "drop.compras.2_boligrafo.time": 0.05034923553466797,
      "drop.compras.3_lapiz.size": 60,
      "drop.compras.3_lapiz.time": 0.04999876022338867,
      "drop.compras.4_goma.size": 60,
      "drop.compras.4_goma.time": 0.052255868911743164,
      "drop.compras.5_regla.size": 485,
      "drop.compras.5_regla.time": 0.060853004455566406,
      "drop.ventas.1_papel.size": 60,
      "drop.ventas.1_papel.time": 0.015633106231689453,
      "drop.ventas.2_boligrafo.size": 60,
      "drop.ventas.2_boligrafo.time": 0.02002573013305664,
      "drop.ventas.3_lapiz.size": 60,
      "drop.ventas.3_lapiz.time": 0.014640092849731445,
      "drop.ventas.4_goma.size": 60,
      "drop.ventas.4_goma.time": 0.018264293670654297,
      "drop.ventas.5_regla.size": 60,
      "drop.ventas.5_regla.time": 0.015030860900878906
    }
  }
}