{
  "Iter0": {
    "insert.secuential.size": 10,
    "insert.secuential.time": 0.34285712242126465,
    "insert.secuential.rate": 29.166668405135578,
    "insert.batch.size": 10,
    "insert.batch.time": 0.02001786231994629,
    "insert.batch.rate": 499.5538404735532,
    "insert.parallel.size": 10,
    "insert.parallel.time": 0.16398906707763672,
    "insert.parallel.rate": 60.97967491494868,
    "find.compras.time": 1.0860035419464111,
    "find.compras.size": 212535,
    "find.compras.rate": 195703.78160929383,
    "find.ventas.time": 1.0270946025848389,
    "find.ventas.size": 206216,
    "find.ventas.rate": 200776.05264503023
  },
  "Iter1": {
    "insert.secuential.size": 20,
    "insert.secuential.time": 0.5640661716461182,
    "insert.secuential.rate": 35.45683291312057,
    "insert.batch.size": 20,
    "insert.batch.time": 0.021582603454589844,
    "insert.batch.rate": 926.6722637090717,
    "insert.parallel.size": 20,
    "insert.parallel.time": 0.22201895713806152,
    "insert.parallel.rate": 90.08239772769983,
    "find.compras.time": 0.8937244415283203,
    "find.compras.size": 212595,
    "find.compras.rate": 237875.33396362115,
    "find.ventas.time": 0.850494384765625,
    "find.ventas.size": 206276,
    "find.ventas.rate": 242536.58071692561
  },
  "Iter2": {
    "insert.secuential.size": 40,
    "insert.secuential.time": 1.023289680480957,
    "insert.secuential.rate": 39.08961534841197,
    "insert.batch.size": 40,
    "insert.batch.time": 0.023643970489501953,
    "insert.batch.rate": 1691.7632348492489,
    "insert.parallel.size": 40,
    "insert.parallel.time": 0.3080437183380127,
    "insert.parallel.rate": 129.85169837519126,
    "find.compras.time": 0.9620013236999512,
    "find.compras.size": 212715,
    "find.compras.rate": 221117.15936302178,
    "find.ventas.time": 0.9003455638885498,
    "find.ventas.size": 206396,
    "find.ventas.rate": 229240.86959298767
  },
  "Iter3": {
    "insert.secuential.size": 80,
    "insert.secuential.time": 2.523142099380493,
    "insert.secuential.rate": 31.70649802864547,
    "insert.batch.size": 80,
    "insert.batch.time": 0.05054879188537598,
    "insert.batch.rate": 1582.6293174603923,
    "insert.parallel.size": 80,
    "insert.parallel.time": 0.7872037887573242,
    "insert.parallel.rate": 101.62552714118358,
    "find.compras.time": 1.523698091506958,
    "find.compras.size": 212955,
    "find.compras.rate": 139761.93918401815,
    "find.ventas.time": 1.599550485610962,
    "find.ventas.size": 206636,
    "find.ventas.rate": 129183.79373382118
  },
  "Iter4": {
    "insert.secuential.size": 160,
    "insert.secuential.time": 6.199128150939941,
    "insert.secuential.rate": 25.810081047564736,
    "insert.batch.size": 160,
    "insert.batch.time": 0.0588834285736084,
    "insert.batch.rate": 2717.2330802712827,
    "insert.parallel.size": 160,
    "insert.parallel.time": 1.601783037185669,
    "insert.parallel.rate": 99.88868422599843,
    "find.compras.time": 1.7340116500854492,
    "find.compras.size": 213435,
    "find.compras.rate": 123087.40831671015,
    "find.ventas.time": 1.1755647659301758,
    "find.ventas.size": 207116,
    "find.ventas.rate": 176184.25288216057
  },
  "Iter5": {
    "insert.secuential.size": 320,
    "insert.secuential.time": 8.257555484771729,
    "insert.secuential.rate": 38.7523887172338,
    "insert.batch.size": 320,
    "insert.batch.time": 0.06170821189880371,
    "insert.batch.rate": 5185.695552559085,
    "insert.parallel.size": 320,
    "insert.parallel.time": 1.8842263221740723,
    "insert.parallel.rate": 169.83097849454475,
    "find.compras.time": 0.9995956420898438,
    "find.compras.size": 214395,
    "find.compras.rate": 214481.7273830513,
    "find.ventas.time": 0.9876163005828857,
    "find.ventas.size": 208076,
    "find.ventas.rate": 210685.06046041838
  },
  "Iter6": {
    "insert.secuential.size": 640,
    "insert.secuential.time": 16.479451656341553,
    "insert.secuential.rate": 38.83624366552985,
    "insert.batch.size": 640,
    "insert.batch.time": 0.10755228996276855,
    "insert.batch.rate": 5950.593894574901,
    "insert.parallel.size": 640,
    "insert.parallel.time": 5.563882112503052,
    "insert.parallel.rate": 115.02759890649084,
    "find.compras.time": 1.409489393234253,
    "find.compras.size": 216315,
    "find.compras.rate": 153470.4702556418,
    "find.ventas.time": 1.4949257373809814,
    "find.ventas.size": 209996,
    "find.ventas.rate": 140472.5296708719
  },
  "Iter7": {
    "insert.secuential.size": 1280,
    "insert.secuential.time": 35.29310941696167,
    "insert.secuential.rate": 36.26770270870039,
    "insert.batch.size": 1280,
    "insert.batch.time": 0.1971731185913086,
    "insert.batch.rate": 6491.757137813118,
    "insert.parallel.size": 1280,
    "insert.parallel.time": 6.979573965072632,
    "insert.parallel.rate": 183.3922824523975,
    "find.compras.time": 0.9408438205718994,
    "find.compras.size": 220155,
    "find.compras.rate": 233997.39168842818,
    "find.ventas.time": 0.8770956993103027,
    "find.ventas.size": 213836,
    "find.ventas.rate": 243800.07810795133
  },
  "Iter8": {
    "insert.secuential.size": 2560,
    "insert.secuential.time": 62.29310131072998,
    "insert.secuential.rate": 41.09604348048474,
    "insert.batch.size": 2560,
    "insert.batch.time": 0.4663991928100586,
    "insert.batch.rate": 5488.860271339624,
    "insert.parallel.size": 2560,
    "insert.parallel.time": 14.227637529373169,
    "insert.parallel.rate": 179.93148860552864,
    "find.compras.time": 1.0948092937469482,
    "find.compras.size": 227835,
    "find.compras.rate": 208104.73687179098,
    "find.ventas.time": 1.092797040939331,
    "find.ventas.size": 221516,
    "find.ventas.rate": 202705.5269197951
  },
  "Iter9": {
    "insert.secuential.size": 5120,
    "insert.secuential.time": 117.81737160682678,
    "insert.secuential.rate": 43.457088968901495,
    "insert.batch.size": 5120,
    "insert.batch.time": 0.6632328033447266,
    "insert.batch.rate": 7719.762916097491,
    "insert.parallel.size": 5120,
    "insert.parallel.time": 23.792141675949097,
    "insert.parallel.rate": 215.1971045622885,
    "find.compras.time": 1.0127742290496826,
    "find.compras.size": 243195,
    "find.compras.rate": 240127.55560357947,
    "find.ventas.time": 0.9564857482910156,
    "find.ventas.size": 236876,
    "find.ventas.rate": 247652.40927346185
  }
}