{
  "Iter0": {
    "insert.secuential.size": 10,
    "insert.secuential.time": 0.2989199161529541,
    "insert.secuential.rate": 33.45377627793495,
    "insert.batch.size": 10,
    "insert.batch.time": 0.01689624786376953,
    "insert.batch.rate": 591.8473782243043,
    "insert.parallel.size": 10,
    "insert.parallel.time": 0.20449471473693848,
    "insert.parallel.rate": 48.90101933863659,
    "find.compras.time": 0.009682416915893555,
    "find.compras.size": 30,
    "find.compras.rate": 3098.399940902711,
    "find.ventas.time": 0.012891292572021484,
    "find.ventas.size": 30,
    "find.ventas.rate": 2327.152210098021,
    "drop.compras.1papel.size": 30,
    "drop.compras.1papel.time": 0.012430906295776367,
    "drop.compras.2boligrafo.size": 30,
    "drop.compras.2boligrafo.time": 0.011984586715698242,
    "drop.compras.3lapiz.size": 30,
    "drop.compras.3lapiz.time": 0.013463020324707031,
    "drop.compras.4goma.size": 30,
    "drop.compras.4goma.time": 0.011976957321166992,
    "drop.compras.5regla.size": 30,
    "drop.compras.5regla.time": 0.010602474212646484,
    "drop.ventas.1papel.size": 30,
    "drop.ventas.1papel.time": 0.01135396957397461,
    "drop.ventas.2boligrafo.size": 30,
    "drop.ventas.2boligrafo.time": 0.012964725494384766,
    "drop.ventas.3lapiz.size": 30,
    "drop.ventas.3lapiz.time": 0.013868570327758789,
    "drop.ventas.4goma.size": 30,
    "drop.ventas.4goma.time": 0.01307368278503418,
    "drop.ventas.5regla.size": 30,
    "drop.ventas.5regla.time": 0.09340238571166992
  },
  "Iter1": {
    "insert.secuential.size": 20,
    "insert.secuential.time": 0.4273974895477295,
    "insert.secuential.rate": 46.794846692159865,
    "insert.batch.size": 20,
    "insert.batch.time": 0.018335580825805664,
    "insert.batch.rate": 1090.7753722124698,
    "insert.parallel.size": 20,
    "insert.parallel.time": 0.17975974082946777,
    "insert.parallel.rate": 111.25961746336378,
    "find.compras.time": 0.008795499801635742,
    "find.compras.size": 60,
    "find.compras.rate": 6821.670326095796,
    "find.ventas.time": 0.009052753448486328,
    "find.ventas.size": 60,
    "find.ventas.rate": 6627.817750855939,
    "drop.compras.1papel.size": 60,
    "drop.compras.1papel.time": 0.013363838195800781,
    "drop.compras.2boligrafo.size": 60,
    "drop.compras.2boligrafo.time": 0.01298069953918457,
    "drop.compras.3lapiz.size": 60,
    "drop.compras.3lapiz.time": 0.013741731643676758,
    "drop.compras.4goma.size": 60,
    "drop.compras.4goma.time": 0.011061429977416992,
    "drop.compras.5regla.size": 60,
    "drop.compras.5regla.time": 0.012345552444458008,
    "drop.ventas.1papel.size": 60,
    "drop.ventas.1papel.time": 0.010568380355834961,
    "drop.ventas.2boligrafo.size": 60,
    "drop.ventas.2boligrafo.time": 0.015321969985961914,
    "drop.ventas.3lapiz.size": 60,
    "drop.ventas.3lapiz.time": 0.012217283248901367,
    "drop.ventas.4goma.size": 60,
    "drop.ventas.4goma.time": 0.014639854431152344,
    "drop.ventas.5regla.size": 60,
    "drop.ventas.5regla.time": 0.011660337448120117
  },
  "Iter2": {
    "insert.secuential.size": 40,
    "insert.secuential.time": 0.8707003593444824,
    "insert.secuential.rate": 45.940029277252734,
    "insert.batch.size": 40,
    "insert.batch.time": 0.021554231643676758,
    "insert.batch.rate": 1855.7840827387865,
    "insert.parallel.size": 40,
    "insert.parallel.time": 0.28264760971069336,
    "insert.parallel.rate": 141.51897495592615,
    "find.compras.time": 0.00908517837524414,
    "find.compras.size": 120,
    "find.compras.rate": 13208.326247834986,
    "find.ventas.time": 0.008084774017333984,
    "find.ventas.size": 120,
    "find.ventas.rate": 14842.715423179003,
    "drop.compras.1papel.size": 120,
    "drop.compras.1papel.time": 0.013903379440307617,
    "drop.compras.2boligrafo.size": 120,
    "drop.compras.2boligrafo.time": 0.014012813568115234,
    "drop.compras.3lapiz.size": 120,
    "drop.compras.3lapiz.time": 0.016249656677246094,
    "drop.compras.4goma.size": 120,
    "drop.compras.4goma.time": 0.013743877410888672,
    "drop.compras.5regla.size": 120,
    "drop.compras.5regla.time": 0.014017820358276367,
    "drop.ventas.1papel.size": 120,
    "drop.ventas.1papel.time": 0.013529300689697266,
    "drop.ventas.2boligrafo.size": 120,
    "drop.ventas.2boligrafo.time": 0.01602768898010254,
    "drop.ventas.3lapiz.size": 120,
    "drop.ventas.3lapiz.time": 0.01185750961303711,
    "drop.ventas.4goma.size": 120,
    "drop.ventas.4goma.time": 0.010488510131835938,
    "drop.ventas.5regla.size": 120,
    "drop.ventas.5regla.time": 0.012856245040893555
  },
  "Iter3": {
    "insert.secuential.size": 80,
    "insert.secuential.time": 1.6517562866210938,
    "insert.secuential.rate": 48.43329530390441,
    "insert.batch.size": 80,
    "insert.batch.time": 0.028598785400390625,
    "insert.batch.rate": 2797.3215953047884,
    "insert.parallel.size": 80,
    "insert.parallel.time": 0.46229982376098633,
    "insert.parallel.rate": 173.04787042566733,
    "find.compras.time": 0.00982046127319336,
    "find.compras.size": 240,
    "find.compras.rate": 24438.770575382376,
    "find.ventas.time": 0.010140180587768555,
    "find.ventas.size": 240,
    "find.ventas.rate": 23668.217535444735,
    "drop.compras.1papel.size": 240,
    "drop.compras.1papel.time": 0.01764702796936035,
    "drop.compras.2boligrafo.size": 240,
    "drop.compras.2boligrafo.time": 0.015982866287231445,
    "drop.compras.3lapiz.size": 240,
    "drop.compras.3lapiz.time": 0.015462398529052734,
    "drop.compras.4goma.size": 240,
    "drop.compras.4goma.time": 0.01604628562927246,
    "drop.compras.5regla.size": 240,
    "drop.compras.5regla.time": 0.018897533416748047,
    "drop.ventas.1papel.size": 240,
    "drop.ventas.1papel.time": 0.01629638671875,
    "drop.ventas.2boligrafo.size": 240,
    "drop.ventas.2boligrafo.time": 0.019237041473388672,
    "drop.ventas.3lapiz.size": 240,
    "drop.ventas.3lapiz.time": 0.017737865447998047,
    "drop.ventas.4goma.size": 240,
    "drop.ventas.4goma.time": 0.01586461067199707,
    "drop.ventas.5regla.size": 240,
    "drop.ventas.5regla.time": 0.014863729476928711
  },
  "Iter4": {
    "insert.secuential.size": 160,
    "insert.secuential.time": 3.456270456314087,
    "insert.secuential.rate": 46.29267356890548,
    "insert.batch.size": 160,
    "insert.batch.time": 0.05270957946777344,
    "insert.batch.rate": 3035.5013569748508,
    "insert.parallel.size": 160,
    "insert.parallel.time": 1.1848814487457275,
    "insert.parallel.rate": 135.0346063476394,
    "find.compras.time": 0.01755213737487793,
    "find.compras.size": 480,
    "find.compras.rate": 27347.096809247614,
    "find.ventas.time": 0.015438318252563477,
    "find.ventas.size": 480,
    "find.ventas.rate": 31091.4694299878,
    "drop.compras.1papel.size": 480,
    "drop.compras.1papel.time": 0.034594058990478516,
    "drop.compras.2boligrafo.size": 480,
    "drop.compras.2boligrafo.time": 0.03502774238586426,
    "drop.compras.3lapiz.size": 480,
    "drop.compras.3lapiz.time": 0.03268790245056152,
    "drop.compras.4goma.size": 480,
    "drop.compras.4goma.time": 0.0316920280456543,
    "drop.compras.5regla.size": 480,
    "drop.compras.5regla.time": 0.03726339340209961,
    "drop.ventas.1papel.size": 480,
    "drop.ventas.1papel.time": 0.028246164321899414,
    "drop.ventas.2boligrafo.size": 480,
    "drop.ventas.2boligrafo.time": 0.027742385864257812,
    "drop.ventas.3lapiz.size": 480,
    "drop.ventas.3lapiz.time": 0.030347108840942383,
    "drop.ventas.4goma.size": 480,
    "drop.ventas.4goma.time": 0.03382110595703125,
    "drop.ventas.5regla.size": 480,
    "drop.ventas.5regla.time": 0.035703182220458984
  },
  "Iter5": {
    "insert.secuential.size": 320,
    "insert.secuential.time": 10.546146154403687,
    "insert.secuential.rate": 30.342837593463432,
    "insert.batch.size": 320,
    "insert.batch.time": 0.07877850532531738,
    "insert.batch.rate": 4062.021723800848,