{
  "Iter0": {
    "insert.secuential.size": 10,
    "insert.secuential.time": 0.2964191436767578,
    "insert.secuential.rate": 33.736012714836335,
    "insert.batch.size": 10,
    "insert.batch.time": 0.0196230411529541,
    "insert.batch.rate": 509.60500577121684,
    "insert.parallel.size": 10,
    "insert.parallel.time": 0.19329094886779785,
    "insert.parallel.rate": 51.73547989999025,
    "find.compras.time": 0.009526729583740234,
    "find.compras.size": 30,
    "find.compras.rate": 3149.034486210521,
    "find.ventas.time": 0.009393930435180664,
    "find.ventas.size": 30,
    "find.ventas.rate": 3193.5514327047536
  },
  "Iter1": {
    "insert.secuential.size": 20,
    "insert.secuential.time": 0.4235563278198242,
    "insert.secuential.rate": 47.21922135586122,
    "insert.batch.size": 20,
    "insert.batch.time": 0.017136573791503906,
    "insert.batch.rate": 1167.0944404251768,
    "insert.parallel.size": 20,
    "insert.parallel.time": 0.18596768379211426,
    "insert.parallel.rate": 107.54556701559605,
    "find.compras.time": 0.010164499282836914,
    "find.compras.size": 90,
    "find.compras.rate": 8854.346632890014,
    "find.ventas.time": 0.009998321533203125,
    "find.ventas.size": 90,
    "find.ventas.rate": 9001.510873712323
  },
  "Iter2": {
    "insert.secuential.size": 40,
    "insert.secuential.time": 0.8493564128875732,
    "insert.secuential.rate": 47.09448164877126,
    "insert.batch.size": 40,
    "insert.batch.time": 0.022394657135009766,
    "insert.batch.rate": 1786.1403172575322,
    "insert.parallel.size": 40,
    "insert.parallel.time": 0.2743513584136963,
    "insert.parallel.rate": 145.7984397499637,
    "find.compras.time": 0.010726690292358398,
    "find.compras.size": 210,
    "find.compras.rate": 19577.334133493365,
    "find.ventas.time": 0.010574579238891602,
    "find.ventas.size": 210,
    "find.ventas.rate": 19858.946181768988
  },
  "Iter3": {
    "insert.secuential.size": 80,
    "insert.secuential.time": 1.7198946475982666,
    "insert.secuential.rate": 46.514476983642794,
    "insert.batch.size": 80,
    "insert.batch.time": 0.027350902557373047,
    "insert.batch.rate": 2924.94917972768,
    "insert.parallel.size": 80,
    "insert.parallel.time": 0.4674670696258545,
    "insert.parallel.rate": 171.13504928599443,
    "find.compras.time": 0.01139378547668457,
    "find.compras.size": 450,
    "find.compras.rate": 39495.21437987821,
    "find.ventas.time": 0.012716054916381836,
    "find.ventas.size": 450,
    "find.ventas.rate": 35388.33411455892
  },
  "Iter4": {
    "insert.secuential.size": 160,
    "insert.secuential.time": 3.4385831356048584,
    "insert.secuential.rate": 46.530792972046456,
    "insert.batch.size": 160,
    "insert.batch.time": 0.04391765594482422,
    "insert.batch.rate": 3643.181689865584,
    "insert.parallel.size": 160,
    "insert.parallel.time": 0.8331897258758545,
    "insert.parallel.rate": 192.03309286106108,
    "find.compras.time": 0.013129472732543945,
    "find.compras.size": 930,
    "find.compras.rate": 70833.00441264595,
    "find.ventas.time": 0.011853694915771484,
    "find.ventas.size": 930,
    "find.ventas.rate": 78456.54933826783
  },
  "Iter5": {
    "insert.secuential.size": 320,
    "insert.secuential.time": 7.0990378856658936,
    "insert.secuential.rate": 45.07653081358134,
    "insert.batch.size": 320,
    "insert.batch.time": 0.06875872611999512,
    "insert.batch.rate": 4653.954749562233,
    "insert.parallel.size": 320,
    "insert.parallel.time": 1.6828391551971436,
    "insert.parallel.rate": 190.15483387805546,
    "find.compras.time": 0.018688201904296875,
    "find.compras.size": 1890,
    "find.compras.rate": 101133.32516840172,
    "find.ventas.time": 0.020740985870361328,
    "find.ventas.size": 1890,
    "find.ventas.rate": 91123.92302917443
  },
  "Iter6": {
    "insert.secuential.size": 640,
    "insert.secuential.time": 14.556081771850586,
    "insert.secuential.rate": 43.96787611056637,
    "insert.batch.size": 640,
    "insert.batch.time": 0.1137998104095459,
    "insert.batch.rate": 5623.910951140871,
    "insert.parallel.size": 640,
    "insert.parallel.time": 3.0584003925323486,
    "insert.parallel.rate": 209.2597167992388,
    "find.compras.time": 0.0343480110168457,
    "find.compras.size": 3810,
    "find.compras.rate": 110923.45341718379,
    "find.ventas.time": 0.028319835662841797,
    "find.ventas.size": 3810,
    "find.ventas.rate": 134534.67899176644
  },
  "Iter7": {
    "insert.secuential.size": 1280,
    "insert.secuential.time": 28.31558847427368,
    "insert.secuential.rate": 45.20478185233383,
    "insert.batch.size": 1280,
    "insert.batch.time": 0.1907026767730713,
    "insert.batch.rate": 6712.01905321523,
    "insert.parallel.size": 1280,
    "insert.parallel.time": 6.129772186279297,
    "insert.parallel.rate": 208.81689581631022,
    "find.compras.time": 0.037276506423950195,
    "find.compras.size": 7650,
    "find.compras.rate": 205223.09448733283,
    "find.ventas.time": 0.034886837005615234,
    "find.ventas.size": 7650,
    "find.ventas.rate": 219280.41223022566
  },
  "Iter8": {
    "insert.secuential.size": 2560,
    "insert.secuential.time": 66.40024018287659,
    "insert.secuential.rate": 38.55407740919855,
    "insert.batch.size": 2560,
    "insert.batch.time": 0.3433260917663574,
    "insert.batch.rate": 7456.467951006032,
    "insert.parallel.size": 2560,
    "insert.parallel.time": 15.526247501373291,
    "insert.parallel.rate": 164.88208111931547,
    "find.compras.time": 0.06855082511901855,
    "find.compras.size": 15330,
    "find.compras.rate": 223629.69334627144,
    "find.ventas.time": 0.0658421516418457,
    "find.ventas.size": 15330,
    "find.ventas.rate": 232829.57220761728
  },
  "Iter9": {
    "insert.secuential.size": 5120,
    "insert.secuential.time": 118.16471886634827,
    "insert.secuential.rate": 43.32934609518296,
    "insert.batch.size": 5120,
    "insert.batch.time": 0.6692690849304199,
    "insert.batch.rate": 7650.13671673225,
    "insert.parallel.size": 5120,
    "insert.parallel.time": 24.20918846130371,
    "insert.parallel.rate": 211.48994763636443,
    "find.compras.time": 0.12035179138183594,
    "find.compras.size": 30690,
    "find.compras.rate": 255002.43617173014,
    "find.ventas.time": 0.11024928092956543,
    "find.ventas.size": 30690,
    "find.ventas.rate": 278369.16251278605
  }
}